Headline,Headline Url,Publisher,Time
Vodafone Idea to MTNL: Telecom stocks rise up to 19% in stock market rally. Do you own any?,https://www.livemint.com/market/stock-market-news/vodafone-idea-to-mtnl-telecom-stocks-rise-up-to-19-in-stock-market-rally-do-you-own-any-11750827796570.html,Mint,1 day ago
"Stock Market Highlights Today: Bull Run! Sensex rallies over 1000 pts; Nifty crosses 25,500 – Top gainers, losers",https://www.etnownews.com/markets/stock-market-highlights-today-bull-run-sensex-rallies-over-1000-pts-nifty-crosses-25500-top-gainers-losers-article-152157843?frmapp=yes,ET Now,17 minutes ago
"Too fast, too hot: Is this soaring Ambani Stock the next big trap?",https://www.financialexpress.com/market/stock-insights/too-fast-too-hot-is-this-soaring-ambani-stock-the-next-big-trap/3890124/,Financial Express,2 days ago
Stocks to buy under ₹100: Experts recommend four shares to buy today — 26 June 2025,https://www.livemint.com/market/stock-market-news/stocks-to-buy-under-rs-100-experts-recommend-four-shares-to-buy-today-26-june-2025-11750904316561.html,Mint,8 hours ago
₹0.12 to ₹39.86: Multibagger penny stock silently turns ₹1 lakh into ₹3.32 crore in five years,https://www.livemint.com/market/stock-market-news/012-to-39-86-multibagger-penny-stock-hazoor-multi-projects-silently-turns-1-lakh-into-3-32-crore-in-five-years-11750925918877.html,Mint,2 hours ago
Stock market on June 26: Here are 5 things to know before opening bell,https://upstox.com/news/market-news/stocks/stock-market-on-june-26-here-are-5-things-to-know-before-opening-bell/article-175997/,Upstox,8 hours ago
Stock market update: Nifty IT index falls 0.22% in an upbeat market,https://m.economictimes.com/markets/stocks/stock-watch/stock-market-update-nifty-it-index-falls-0-22-in-an-upbeat-market/articleshow/122082652.cms,The Economic Times,6 hours ago
Stock market update: Fertilisers stocks down as market rises,https://m.economictimes.com/markets/stocks/stock-watch/stock-market-update-fertilisers-stocks-down-as-market-rises/articleshow/122082871.cms,The Economic Times,6 hours ago
Stock market update: Power stocks up as market rises,https://m.economictimes.com/markets/stocks/stock-watch/stock-market-update-power-stocks-up-as-market-rises/articleshow/122083593.cms,The Economic Times,5 hours ago
Stock market today: Trade setup for Nifty 50 to Israel-Iran news; eight stocks to buy or sell on Thursday,https://www.livemint.com/market/stock-market-news/stock-market-today-trade-setup-for-nifty-50-to-israel-iran-news-eight-stocks-to-buy-or-sell-on-thursday-11750865918813.html,Mint,10 hours ago
Stock futures tick higher as S&P 500 nears record high: Live updates,https://www.cnbc.com/2025/06/25/stock-market-today-live-updates.html,CNBC,LIVE
"Stock Market LIVE: Nifty, Sensex Rise As HDFC Bank Hits Record High; Nifty Bank & Nifty Finance At Life Highs",https://www.ndtvprofit.com/markets/stock-market-live-update-gift-nifty-sensex-nifty-bank-live-trading-levels-on-june-26-2025,NDTV Profit,LIVE
Stock Market Today: Stock Market News And Analysis,https://www.investors.com/news/stock-market-today-stock-market-news/,Investor's Business Daily,15 hours ago
"Stock Market News June 25, 2025: Trump Weighs Next Fed Chair; Oil Prices Edge Up — Live Updates",https://www.wsj.com/livecoverage/stock-market-today-dow-sp-500-nasdaq-06-25-2025,WSJ,7 hours ago
"Stock Market close highlights: Sensex up 700 pts, Nifty at 25,245; Smallcaps shine; IT index up 1.6%",https://www.business-standard.com/markets/news/stock-market-live-gift-nifty-asian-markets-israel-iran-war-eyed-ipo-today-fed-indian-equities-bse-nse-fii-dii-oil-gold-125062500098_1.html,Business Standard,24 hours ago
"Indian stock market: 8 key things that changed for market overnight - Gift Nifty, Jerome Powell testimony to weak dollar",https://www.livemint.com/market/stock-market-news/indian-stock-market-8-key-things-that-changed-for-market-overnight-gift-nifty-jerome-powell-testimony-to-weak-dollar-11750865618986.html,Mint,8 hours ago
"Stock Market Highlights | Closing Bell: Sensex surges 700 pts higher, Nifty above 25,200; Infosys, M&M ri...",https://m.economictimes.com/markets/stocks/live-blog/bse-sensex-today-live-nifty-stock-market-updates-25-june-2025/liveblog/122058651.cms,The Economic Times,20 hours ago
Stock Market Today: All You Need To Know Going Into Trade On June 26,https://www.ndtvprofit.com/business/stock-market-today-all-you-need-to-know-going-into-trade-on-june-26-2025,NDTV Profit,10 hours ago
"Nifty 50, Sensex today: What to expect from Indian stock market in trade on June 26 amid Israel-Iran ceasefire",https://www.livemint.com/market/stock-market-news/nifty-50-sensex-today-what-to-expect-from-indian-stock-market-in-trade-on-june-26-amid-israel-iran-ceasefire-11750865065131.html,Mint,8 hours ago
Ahead of Market: 10 things that will decide stock market action on Thursday,https://m.economictimes.com/markets/stocks/news/ahead-of-market-10-things-that-will-decide-stock-market-action-on-thursday/articleshow/122074074.cms,The Economic Times,19 hours ago
Raymond Realty to list on stock exchanges on July 1. What to expect,https://m.economictimes.com/markets/stocks/news/raymond-realty-to-list-on-stock-exchanges-on-july-1-what-to-expect/articleshow/122081765.cms,The Economic Times,7 hours ago
"Indian stock market: 10 things that changed overnight - Gift Nifty, Israel-Iran ceasefire to Jerome Powell’s testimony",https://www.livemint.com/market/stock-market-news/indian-stock-market-10-things-that-changed-overnight-gift-nifty-israel-iran-ceasefire-to-jerome-powell-s-testimony-11750786131547.html,Mint,1 day ago
"Why is stock market rising today? Key factors behind 1,100-point Sensex surge, Nifty over 25,300",https://m.economictimes.com/markets/stocks/news/why-is-stock-market-rising-today-key-factors-behind-900-pt-sensex-surge-nifty-over-25200/articleshow/122037864.cms,The Economic Times,2 days ago
Stock market today: Trade setup for Nifty 50 to Israel-Iran news; eight stocks to buy or sell on Wednesday,https://www.livemint.com/market/stock-market-news/stock-market-today-trade-setup-for-nifty-50-to-israel-iran-news-eight-stocks-to-buy-or-sell-on-wednesday-11750764529354.html,Mint,1 day ago
"Indian stock market: 10 key things that changed for market overnight - Gift Nifty, Israel-Iran news to crude oil prices",https://www.livemint.com/market/stock-market-news/indian-stock-market-10-key-things-that-changed-for-market-overnight-gift-nifty-israel-iran-news-to-crude-oil-prices-11750696055158.html,Mint,2 days ago
"Stocks to buy or sell: Osho Krishan of Angel One suggests buying Tata Power, Max Healthcare shares today - 26 June",https://www.livemint.com/market/stock-market-news/stocks-to-buy-or-sell-osho-krishan-of-angel-one-suggests-buying-tata-power-max-healthcare-shares-today-26-june-11750913985365.html,Mint,5 hours ago
"Stock Market Highlights | Market ends at highest close of 2025; Nifty at 25,200, Sensex up 680 pts",https://www.cnbctv18.com/market/stock-market-live-updates-sensex-nifty-50-today-midcaps-nifty-bank-hdb-financial-ipo-hdfc-bank-vodafone-idea-defence-oil-ptc-ind-rites-share-price-liveblog-19626351.htm,CNBC TV18,1 day ago
Japanese stocks hit 5-month high as investors weigh easing Middle East tensions,https://www.cnbc.com/2025/06/26/asia-pacific-stock-markets-today-live-updates-asian-chip-stocks-middle-east-tensions.html,CNBC,2 hours ago
"Stock market today: Trade setup for Nifty 50, global markets to Israel-Iran news; eight stocks to buy or sell on Tuesday",https://www.livemint.com/market/stock-market-news/stock-market-today-trade-setup-for-nifty-50-global-markets-to-israel-iran-news-eight-stocks-to-buy-or-sell-on-tuesday-11750677002158.html,Mint,2 days ago
"Nifty 50, Sensex today: What to expect from Indian stock market in trade on June 25 after Israel-Iran ceasefire",https://www.livemint.com/market/stock-market-news/nifty-50-sensex-today-what-to-expect-from-indian-stock-market-in-trade-on-june-25-after-israel-iran-ceasefire-11750785898015.html,Mint,1 day ago
"Stock market close highlights: Sensex adds 158 pts, Nifty at 25,044; SMIDs gain; PSBs, metal shine",https://www.business-standard.com/markets/news/stock-market-live-updates-june-24-nse-bse-sensex-today-nifty-ipo-us-israel-iran-ceasefire-crude-oil-price-125062400105_1.html,Business Standard,1 day ago
"Closing Bell: Nifty at 25,250, Sensex gains 700 points; IT, media, auto rise",https://www.moneycontrol.com/news/business/markets/stock-market-live-sensex-nifty-50-share-price-gift-nifty-latest-updates-25-06-2025-liveblog-13173620.html,Moneycontrol,24 hours ago
"US Stock Market Highlights: Dow jumps 500 points, oil prices crater as investors bet Israel-Iran truce will ho",https://www.cnbctv18.com/market/us-stock-market-live-dow-jones-snp-500-nasdaq-trump-ceasefire-iran-israel-war-oil-gold-dollar-impact-liveblog-19625648.htm,CNBC TV18,1 day ago
"Why stock market fell today? Key factors behind 511-point Sensex crash, Nifty below 25,000",https://m.economictimes.com/markets/stocks/news/sensex-tumbles-over-700-points-nifty-below-24950-amid-caution-over-middle-east-tensions-it-stocks-top-drags/articleshow/122014943.cms,The Economic Times,3 days ago
"Stock market this week: Israel-Iran war, IPOs to FIIs - top triggers that may dictate Dalal Street",https://www.livemint.com/market/stock-market-news/week-ahead-israel-iran-war-ipos-fiis-among-key-market-triggers-for-indian-stock-market-11750543094905.html,Mint,3 days ago
"5,000% rally in one year! Multibagger small-cap stock to be in focus on Thursday after fundraise move",https://www.livemint.com/market/stock-market-news/5000-rally-in-one-year-multibagger-small-cap-stock-to-be-in-focus-on-thursday-after-fundraise-move-elitecon-shares-11750865874401.html,Mint,18 hours ago
"Stock market today: Trade setup for Nifty 50, global markets to Israel-Iran news; eight stocks to buy or sell on Monday",https://www.livemint.com/market/stock-market-news/stock-market-today-trade-setup-for-nifty-50-global-markets-to-israel-iran-news-eight-stocks-to-buy-or-sell-on-monday-11750590040698.html,Mint,3 days ago
Sensex crashes 500 points: Why did the Indian stock market fall today? Explained with key factors,https://www.livemint.com/market/stock-market-news/sensex-crashes-700-points-why-is-indian-stock-market-falling-after-the-us-attack-on-iran-explained-with-key-factors-11750650569136.html,Mint,3 days ago
Wall Street Live: US stocks mixed as investors eye more comments from Jerome Powell,https://www.livemint.com/market/stock-market-news/wall-street-live-s-p-500-dow-jones-nasdaq-gain-as-investors-eye-more-comments-from-jerome-powell-11750859879940.html,Mint,20 hours ago
US Stock Market Highlights: Dow rises more than 350 points Monday as oil slides on Iran’s restrained retaliati,https://www.cnbctv18.com/market/us-stock-market-live-dow-snp-500-nasdaq-us-attacks-iran-impact-crude-oil-gold-trump-hormuz-liveblog-19624981.htm,CNBC TV18,2 days ago
Stock recommendations today: MarketSmith India's top picks for 26 June,https://www.livemint.com/market/stock-recommendations-today-26-june-marketsmith-nifty-sensex-kec-birlasoft-11750855522787.html,Mint,10 hours ago
"Stock market close highlights: Sensex sheds 511 pts, Nifty at 24,972; SMIDs outperform; IT, Auto dip",https://www.business-standard.com/markets/news/stock-market-live-updates-june-23-nse-bse-sensex-today-nifty-gift-nifty-ipo-us-israel-iran-war-crude-oil-price-gold-125062300067_1.html,Business Standard,2 days ago
"Indian stock market: 7 key things that changed for market over weekend- Gift Nifty, Israel-Iran war to oil prices",https://www.livemint.com/market/indian-stock-market-7-key-things-that-changed-for-market-over-weekend-gift-nifty-israel-iran-war-to-oil-prices-11750641168219.html,Mint,3 days ago
"Nifty 50, Sensex today: What to expect from Indian stock market in trade on June 24 after Israel-Iran ceasefire",https://www.livemint.com/market/stock-market-news/nifty-50-sensex-today-what-to-expect-from-indian-stock-market-in-trade-on-june-24-after-israel-iran-ceasefire-11750695787634.html,Mint,2 days ago
Stock Market Today: Indexes Mixed As Trump Mulls Next Fed Chief; Nvidia Hits All-Time High (Live Coverage),https://www.investors.com/market-trend/stock-market-today/dow-jones-sp500-nasdaq-powell/,Investor's Business Daily,14 hours ago
"Indian stock market: Sensex, Nifty 50 end with modest gains amid reports of Iran violating ceasefire",https://www.livemint.com/market/stock-market-news/indian-stock-market-sensex-nifty-50-erase-most-gains-amid-reports-of-iran-violating-ceasefire-11750754559957.html,Mint,2 days ago
Nestle India Bonus Issue: Board approves first-ever 1:1 bonus; shares up 1%,https://m.economictimes.com/markets/stocks/news/nestle-india-board-approves-11-bonus-share-issue-stock-up-1/articleshow/122082950.cms,The Economic Times,5 hours ago
"Nifty 50, Sensex today: What to expect from Indian stock market in trade on June 23 after US bombs Iran’s nuclear sites",https://www.livemint.com/market/stock-market-news/nifty-50-sensex-today-what-to-expect-from-indian-stock-market-in-trade-on-june-23-after-us-bombs-iran-s-nuclear-sites-11750613235781.html,Mint,3 days ago
One Mobikwik Systems share price rallies 10% on large block deal. Do you own?,https://www.livemint.com/market/stock-market-news/one-mobikwik-systems-share-price-rallies-10-on-large-block-deal-do-you-own-11750919376461.html,Mint,3 hours ago
"Nagaraj Shetti suggests Bajaj Finserv, Tata Steel shares to buy in the short term; do you own?",https://www.livemint.com/market/stock-market-news/nagaraj-shetti-suggests-bajaj-finserv-tata-steel-shares-to-buy-in-the-short-term-do-you-own-11750920799116.html,Mint,3 hours ago
"Sensex jumps 700 points, Nifty closes near 25,250; what drove Indian stock market higher? Explained with 5 key factors",https://www.livemint.com/market/stock-market-news/sensex-jumps-over-700-points-nifty-50-reclaims-25-250-why-is-indian-stock-market-rising-explained-with-5-key-factors-11750838382319.html,Mint,1 day ago
Ahead of Market: 10 things that will decide stock market action on Tuesday,https://m.economictimes.com/markets/stocks/news/ahead-of-market-10-things-that-will-decide-stock-market-action-on-tuesday/articleshow/122029261.cms,The Economic Times,2 days ago
"Stock market today: Nifty50 ends above 25,000; BSE Sensex up over 150 points - markets trim gains post re",https://timesofindia.indiatimes.com/business/india-business/stock-market-today-nifty50-bse-sensex-june-24-2025-dalal-street-indian-equities-global-markets-iran-israel-ceasefire-donald-trump/articleshow/122037786.cms,Times of India,2 days ago
"Indian stock market: What does escalation in US-Iran war mean for Nifty 50, Sensex? Key levels to watch out",https://www.livemint.com/market/stock-market-news/indian-stock-market-what-does-us-iran-escalation-mean-for-nifty-50-sensex-key-levels-to-watch-out-11750572934701.html,Mint,4 days ago
Israel-Iran ceasefire: AVIC Chengdu share price rises for second straight session. More steam ahead?,https://www.livemint.com/market/stock-market-news/israeliran-ceasefire-avic-chengdu-share-price-rises-for-second-straight-session-more-steam-ahead-11750918501556.html,Mint,4 hours ago
Market Trading Guide: BirlaSoft among 3 stock recommendations for Thursday,https://m.economictimes.com/markets/stocks/news/market-trading-guide-birlasoft-among-3-stock-recommendations-for-thursday/stock-ideas/slideshow/122073878.cms,The Economic Times,19 hours ago
"Stock market today: Nifty50 ends above 25,200; BSE Sensex up 700 points",https://timesofindia.indiatimes.com/business/india-business/stock-market-today-nifty50-bse-sensex-june-25-2025-dalal-street-indian-equities-global-markets-iran-israel-ceasefire-donald-trump/articleshow/122060095.cms,Times of India,1 day ago
"Stocks to watch: SBI, Nestle India, Adani Enterprises, Vodafone Idea among shares in focus today amid Israel-Iran war",https://www.livemint.com/market/stock-market-news/stocks-to-watch-sbi-nestle-india-adani-enterprises-vodafone-idea-among-shares-in-focus-today-amid-israel-iran-war-11750900616050.html,Mint,8 hours ago
The stock market has been resilient. How long can that last? | Stock Market News,https://www.livemint.com/market/stock-market-news/the-stock-market-has-been-resilient-how-long-can-that-last-11750766715514.html,Mint,1 day ago
HDFC Bank share price hits record high. Is HDB Financial IPO the reason?,https://www.livemint.com/market/stock-market-news/hdfc-bank-share-price-hits-record-high-is-hdb-financial-ipo-the-reason-11750913767125.html,Mint,3 hours ago
"Nvidia share price hits record high, reclaims title of world’s most valuable company with $3.66 trillion market cap",https://www.livemint.com/market/stock-market-news/nvidia-share-price-hits-record-high-reclaims-title-of-world-s-most-valuable-company-with-3-66-trillion-market-cap-11750900073495.html,Mint,9 hours ago
Israel-Iran war: Why are Middle East stock markets gaining despite US attack on Iran?,https://www.livemint.com/market/stock-market-news/israeliran-war-why-are-middle-east-stock-markets-gaining-despite-us-attack-on-iran-11750646457732.html,Mint,3 days ago
"Stock market today: 43 stocks hit 52-week lows, 108 stocks at 52-week high as Nifty 50, Sensex end in green",https://www.livemint.com/market/stock-market-news/stock-market-today-43-stocks-hit-52-week-lows-108-stocks-at-52-week-high-as-nifty-50-sensex-end-in-green-11750758898550.html,Mint,2 days ago
US stocks hang near their record as Wall Street takes breath following two big days,https://www.livemint.com/market/stock-market-news/us-stocks-hang-near-their-record-as-wall-street-takes-breath-following-two-big-days-11750861356350.html,Mint,20 hours ago
3 fast-growing Kacholia stocks most investors are missing: All posted 20%+ profit growth,https://www.financialexpress.com/market/stock-insights/3-fast-growing-kacholia-stocks-most-investors-are-missing-all-posted-20-profit-growth/3892407/,Financial Express,10 hours ago
Israel's Tel Aviv stock exchange jumps over 5% as US joins Israel-Iran war; Kuwait and Oman indices drop at open,https://www.livemint.com/market/stock-market-news/israels-tel-aviv-stock-exchange-jumps-over-4-as-us-joins-israel-iran-war-kuwait-and-oman-indices-drop-at-open-11750583271133.html,Mint,4 days ago
Texmaco Rail share price: Railway stock jumps 9% after THIS order worth ₹535 crore,https://www.livemint.com/market/stock-market-news/texmaco-rail-share-price-railway-stock-jumps-9-after-this-order-worth-rs-535-crore-11750910367789.html,Mint,6 hours ago
5 Things to Know Before the Stock Market Opens,https://www.investopedia.com/5-things-to-know-before-the-stock-market-opens-june-25-2025-11760743,Investopedia,23 hours ago
"Dollar, Yields Fall as Fed Rate Outlook Shifts: Markets Wrap",https://www.bloomberg.com/news/articles/2025-06-25/stock-market-today-dow-s-p-live-updates,Bloomberg.com,1 hour ago
"US stock market outlook: Will S&P 500, Dow Jones, Nasdaq crash or rise amidst Iran Israel war?",https://m.economictimes.com/news/international/us/us-stock-market-outlook-will-sp-500-dow-jones-nasdaq-crash-or-rise-amidst-iran-israel-war/articleshow/122006577.cms,The Economic Times,3 days ago
5 Things to Know Before the Stock Market Opens,https://www.investopedia.com/5-things-to-know-before-the-stock-market-opens-june-23-2025-11759089,Investopedia,2 days ago
Markets rally in early trade amid optimism over Iran-Israel ceasefire,https://www.thehindu.com/business/markets/markets-rally-in-early-trade-amid-optimism-over-iran-israel-ceasefire/article69738930.ece,The Hindu,6 hours ago
Mobikwik shares slide 6% as Net1 Applied Technologies likely sells 9% stake via block deal,https://m.economictimes.com/markets/stocks/news/mobikwik-shares-in-focus-as-net1-applied-technologies-plans-8-stake-sale-via-block-deal/articleshow/122081930.cms,The Economic Times,6 hours ago
Stocks to buy or sell: Dharmesh Shah of ICICI Sec suggests buying Larsen & Toubro shares today - 23 June 2025,https://www.livemint.com/market/stock-market-news/stocks-to-buy-or-sell-dharmesh-shah-of-icici-sec-suggests-buying-larsen-toubro-shares-tomorrow-23-june-2025-11750521341470.html,Mint,3 days ago
Buy or sell: Vaishali Parekh recommends three stocks to buy today — 25 June 2025,https://www.livemint.com/market/stock-market-news/buy-or-sell-vaishali-parekh-recommends-three-stocks-to-buy-today-25-june-2025-11750815299891.html,Mint,1 day ago
"Stock market today: Dow, S&P 500, Nasdaq futures edge up as Trump looks forward to Powell's replacement",https://finance.yahoo.com/news/live/stock-market-today-dow-sp-500-nasdaq-futures-edge-up-as-trump-looks-forward-to-powells-replacement-233325895.html,Yahoo Finance,3 hours ago
S&P 500 ends Wednesday little changed as record high remains in reach: Live updates,https://www.cnbc.com/2025/06/24/stock-market-today-live-updates.html,CNBC,14 hours ago
"Stock market today: Dow, S&P 500, Nasdaq rally stalls as Nvidia soars to record",https://finance.yahoo.com/news/live/stock-market-today-dow-sp-500-nasdaq-rally-stalls-as-nvidia-soars-to-record-200119699.html,Yahoo Finance,14 hours ago
"Stock market today: 103 stocks hit 52-week highs, 85 stocks at 52-week low as Nifty 50, Sensex end in red",https://www.livemint.com/market/stock-market-news/stock-market-today-103-stocks-hit-52-week-highs-85-stocks-at-52-week-low-as-nifty-50-sensex-end-in-red-11750672945428.html,Mint,3 days ago
Stunning turnaround: The stock market is on the verge of an all-time record,https://www.cnn.com/2025/06/25/investing/stock-market-record-dow,CNN,14 hours ago
Bajel Projects share price hits 5% upper circuit on big order valued between ₹100–200 crore,https://www.livemint.com/market/stock-market-news/bajel-projects-share-price-hits-5-upper-circuit-on-big-order-valued-between-rs-100-200-crore-11750824944351.html,Mint,1 day ago
"Stock Market News From June 25, 2025: S&P 500 Stalls Within Striking Distance of Record",https://www.barrons.com/livecoverage/stock-market-news-today-062525,Barron's,13 hours ago
HAL shares gain despite Indian stock market crash in the wake of Israel-Iran War: Here's why,https://www.livemint.com/market/stock-market-news/hal-shares-gain-despite-indian-stock-market-crash-in-the-wake-of-israel-iran-war-heres-why-11750657329904.html,Mint,3 days ago
"Dow Jones Today: S&P 500 Closes Flat as Push Toward Record Stalls; Nvidia, Microsoft Hit All-Time Highs",https://www.investopedia.com/stock-market-today-11759095,Investopedia,12 hours ago
Market to perform well in mid-long term; small & midcaps attractive post dips: Harshad Patwardhan,https://m.economictimes.com/markets/expert-view/market-to-perform-well-in-mid-long-term-small-midcaps-attractive-post-dips-harshad-patwardhan/articleshow/122071322.cms,The Economic Times,7 hours ago
5 Things to Know Before the Stock Market Opens,https://www.investopedia.com/5-things-to-know-before-the-stock-market-opens-june-24-2025-11759934,Investopedia,1 day ago
Sensex jumps 900 points: Why is the stock market rising today?,https://www.indiatoday.in/business/market/story/sensex-jumps-900-points-why-is-the-stock-market-rising-today-2745287-2025-06-24,India Today,2 days ago
Stocks to buy under ₹100: Sumeet Bagadia recommends three shares to buy on Monday - 23 June 2025,https://www.livemint.com/market/stock-market-news/stocks-to-buy-under-100-sumeet-bagadia-recommends-three-shares-to-buy-on-monday-23-june-2025-11750536434475.html,Mint,4 days ago
LIC-owned NBFC stock to be in focus on Wednesday; Here's why,https://www.livemint.com/market/stock-market-news/licowned-nbfc-stock-to-be-in-focus-on-wednesday-heres-why-paisalo-digital-share-price-11750778234584.html,Mint,1 day ago
Breakout stocks to buy or sell: Sumeet Bagadia recommends five shares to buy today — 25 June 2025,https://www.livemint.com/market/stock-market-news/breakout-stocks-to-buy-or-sell-sumeet-bagadia-recommends-five-shares-to-buy-today-25-june-2025-11750812951769.html,Mint,1 day ago
"Stock market today: Nifty50 ends below 25,000; BSE Sensex tanks over 500 points",https://timesofindia.indiatimes.com/business/india-business/stock-market-today-nifty50-bse-sensex-june-23-2025-dalal-street-indian-equities-global-markets-iran-irsael-war-us-bombings-donald-trump/articleshow/122014794.cms,Times of India,3 days ago
"Stock Market News June 24, 2025: Oil Slides, Stocks Gain After Trump Brokers Truce",https://www.wsj.com/livecoverage/stock-market-today-dow-sp-500-nasdaq-06-24-2025,WSJ,1 day ago
Israel-Iran war: DMart to Eicher Motors— Jigar Patel of Anand Rathi recommends 3 stocks to buy for the short term,https://www.livemint.com/market/stock-market-news/israeliran-war-dmart-to-eicher-motors-jigar-patel-of-anand-rathi-recommends-3-stocks-to-buy-for-the-short-term-11750646992490.html,Mint,3 days ago
Stocks to buy under ₹100: Experts recommend four shares to buy today after ease in Israel-Iran war,https://www.livemint.com/market/stock-market-news/stocks-to-buy-under-rs-100-experts-recommend-four-shares-to-buy-today-after-ease-in-israel-iran-war-11750731380792.html,Mint,2 days ago
"Stock market today: Wild swing of 1,000 pts for Sensex, Nifty holds 25k; what's next?",https://www.businesstoday.in/markets/stocks/story/stock-market-today-wild-swing-of-1000-pts-for-sensex-nifty-holds-25k-whats-next-481650-2025-06-24,Business Today,1 day ago
"Terrific Thursday: Sensex Surges Over 1,000 Points, Nifty Tops 25,550; Bank Nifty At Record High",https://www.news18.com/business/markets/stock-market-updates-gift-nifty-signals-positive-start-for-sensex-nifty-on-june-26-9404734.html,News18,36 minutes ago
Breakout stocks to buy or sell: Sumeet Bagadia recommends five shares to buy today — 24 June 2025,https://www.livemint.com/market/stock-market-news/breakout-stocks-to-buy-or-sell-sumeet-bagadia-recommends-five-shares-to-buy-today-24-june-2025-11750727833512.html,Mint,2 days ago
"US stock market today: Dow Jones, S&P 500, Nasdaq edge higher as fed hints at july rate cut and oil prices",https://m.economictimes.com/news/international/us/us-stock-market-today-dow-jones-sp-500-nasdaq-edge-higher-as-fed-hints-at-july-rate-cut-and-oil-prices-pull-back-after-iran-strike/articleshow/122029855.cms,The Economic Times,2 days ago
Tesla share price falls nearly 4% as European sales slump continues,https://www.livemint.com/market/stock-market-news/tesla-share-price-falls-nearly-4-as-european-sales-slump-continues-11750906286112.html,Mint,7 hours ago
